{
  "Category_Probabilities": {
    "B": 0.358,
    "A": 0.228,
    "C": 0.202,
    "E": 0.11,
    "D": 0.102
  },
  "Value1_mean_std": {
    "mean": 10.01523970418712,
    "std": 2.0141243063185654
  },
  "Value2_mean_std": {
    "mean": 20.436277843504673,
    "std": 5.972594182101804
  },
  "Chi2_Test": {
    "stat": 1.872819271566882,
    "p_value": 0.7591361927617392
  },
  "KS_Test_Value1": {
    "stat": 0.034,
    "p_value": 0.8316920403588144
  },
  "KS_Test_Value2": {
    "stat": 0.032,
    "p_value": 0.8810264561152376
  }
}